{
    "Objects": [
        {
            "name": "StaticObj_Misc_SewerCover",
            "pos": [
                4574.6435546875,
                338.6925354003906,
                10040.626953125
            ],
            "ypr": [
                0.0,
                0.0,
                -0.0
            ],
            "scale": 0.9999931454658508,
            "enableCEPersistency": 0,
            "customString": ""
        },
        {
            "name": "StaticObj_Roadblock_Pillbox",
            "pos": [
                4574.447265625,
                339.821044921875,
                10040.158203125
            ],
            "ypr": [
                90.0,
                0.0,
                -0.0
            ],
            "scale": 0.9999943375587463,
            "enableCEPersistency": 0,
            "customString": ""
        }
    ]
}