{
    "Objects": [
        {
            "name": "StaticObj_Misc_SewerCover",
            "pos": [
                4574.6435546875,
                338.6925354003906,
                10040.626953125
            ],
            "ypr": [
                0.0,
                0.0,
                -0.0
            ],
            "scale": 0.9999931454658508,
            "enableCEPersistency": 0,
            "customString": ""
        },
        {
            "name": "Land_Mil_Fortified_Nest_Small",
            "pos": [
                4574.31298828125,
                339.7997741699219,
                10040.6279296875
            ],
            "ypr": [
                90.0,
                0.0,
                -0.0
            ],
            "scale": 0.9999910593032837,
            "enableCEPersistency": 0,
            "customString": ""
        }
    ]
}